dataset,sample_pct,nr_samples,oracle,intersecting,linkage,batch_size,decay,alpha,name,mean_size,std_size,mean_length,std_length,mean_tr_fidelity,std_tr_fidelity,mean_ts_fidelity,std_ts_fidelity,mean_tr_coverage,std_tr_coverage,mean_ts_coverage,std_ts_coverage
german,0.2,10,svc,polyhedra,min,128,0.0,0.5,german.bb=svm.linkage=min.batch=128.incremental,1.1,0.3,1.15,0.32015621187164245,0.6993333333333334,0.10591191308504126,0.6993333333333334,0.10591191308504126,0.7033333333333334,0.12485547200218695,0.7033333333333334,0.12485547200218695
german,0.4,10,svc,polyhedra,min,128,0.0,0.5,german.bb=svm.linkage=min.batch=128.incremental,2.2,0.7483314773547882,1.5333333333333332,0.725718035235908,0.7350000000000001,0.07836169699257131,0.7350000000000001,0.07836169699257131,0.7503333333333334,0.1043439824171316,0.7503333333333334,0.1043439824171316
german,0.6,10,svc,polyhedra,min,128,0.0,0.5,german.bb=svm.linkage=min.batch=128.incremental,3.1,1.3747727084867518,6.536666666666666,8.617430011320081,0.6596666666666666,0.21205581026387052,0.6596666666666666,0.21205581026387052,0.6649999999999999,0.24651008543713224,0.6649999999999999,0.24651008543713224
german,0.8,10,svc,polyhedra,min,128,0.0,0.5,german.bb=svm.linkage=min.batch=128.incremental,4.0,2.5298221281347035,6.828888888888889,5.043730248022272,0.5733333333333333,0.18097882012360822,0.5733333333333333,0.18097882012360822,0.5663333333333334,0.1993737417236505,0.5663333333333334,0.1993737417236505
