dataset,sample_pct,nr_samples,oracle,intersecting,linkage,batch_size,decay,alpha,name,mean_size,std_size,mean_length,std_length,mean_tr_fidelity,std_tr_fidelity,mean_ts_fidelity,std_ts_fidelity,mean_tr_coverage,std_tr_coverage,mean_ts_coverage,std_ts_coverage
german,0.2,10,dnn,polyhedra,min,128,0.0,0.5,german.bb=dnn.linkage=min.batch=128.incremental,2.1,1.4456832294800959,2.166666666666667,0.33333333333333337,0.15099999999999994,0.1881786975781856,0.15099999999999994,0.1881786975781856,0.1743333333333333,0.2326420712883492,0.1743333333333333,0.2326420712883492
german,0.4,10,dnn,polyhedra,min,128,0.0,0.5,german.bb=dnn.linkage=min.batch=128.incremental,2.7,1.4177446878757831,2.3916666666666666,0.497284291594523,0.17033333333333334,0.09644169222903544,0.17033333333333334,0.09644169222903544,0.21633333333333327,0.11963323581309294,0.21633333333333327,0.11963323581309294
german,0.6,10,dnn,polyhedra,min,128,0.0,0.5,german.bb=dnn.linkage=min.batch=128.incremental,5.1,3.2388269481403302,2.1994444444444445,0.8539033469462021,0.391,0.27315868404037,0.391,0.27315868404037,0.4883333333333334,0.3071707813072215,0.4883333333333334,0.3071707813072215
german,0.8,10,dnn,polyhedra,min,128,0.0,0.5,german.bb=dnn.linkage=min.batch=128.incremental,2.4,1.4966629547095767,1.975,0.28394541729001366,0.26466666666666666,0.2294834779818945,0.26466666666666666,0.2294834779818945,0.2883333333333333,0.22975470010909946,0.2883333333333333,0.22975470010909946
